id;change_key;change_from;change_to
1;Manat seamless Branding;transmitter;Rubber Incredible Fresh Bike bottom-line
2;Berkshire technologies Generic;encoding;grow
3;New Mexico Outdoors program;capacitor;calculate
4;Electronics Enterprise-wide;parallelism generate;platforms Investment Account Shoals
5;calculate;turn-key;Kids
6;zero tolerance;Incredible;teal
7;Rubber CSS;deposit;Operations niches Branding
8;East Caribbean Dollar interfaces;Manat cross-media;Anguilla Handcrafted FTP
9;Ergonomic Rubber Ball Plain;Program Montserrat Handcrafted;copying wireless
10;Investor magenta open-source;backing up analyzing transmitting;International Ports
