id;user_key;login;first_name;last_name;email;is_active;phone;address_line_1;address_line_2;city;country;image;image_content_type;user_limit;credit_score;company_id
1;bypass Concrete;THX payment;Judge;Swaniawski;"i1@n2Zi.lgYD";false;(002) 458-1123 x582;Camp;Knolls productize;Stoltenbergland;Sweden;../fake-data/blob/hipster.png;image/png;59369;44640;1
2;Security;online mobile;Bret;Kautzer;"4V@H&P.K";true;387-570-3321 x0616;Toys withdrawal;Officer Books invoice;Barrettberg;Egypt;../fake-data/blob/hipster.png;image/png;54608;46100;2
3;Outdoors;Iranian Rial Sleek Cotton Gloves eyeballs;Ova;Grant;"U,*E@QW.Y9*R+%";true;874-160-3103 x35704;virtual;orchestration Greece Arkansas;Port Kelsie;Myanmar;../fake-data/blob/hipster.png;image/png;21488;25364;3
4;invoice Soft payment;calculate override Prairie;Ellis;Walsh;"F^nx{@Vnic9.]f";true;1-214-968-1148 x458;Frozen New Hampshire;Creative;South Jayda;British Indian Ocean Territory (Chagos Archipelago);../fake-data/blob/hipster.png;image/png;87164;75240;4
5;Auto Loan Account Generic RSS;Investment Account Liaison;Jackson;Predovic;"Q;@|>S9/J.,:lDb";true;229.869.3292 x98570;back-end Customer Incredible;Solomon Islands mission-critical;East Dillon;Equatorial Guinea;../fake-data/blob/hipster.png;image/png;20787;26305;5
6;zero tolerance Handmade Rubber Chair;Harbors Bedfordshire channels;Arlo;Paucek;"DH@C;,P.bn<S";false;(274) 720-0208;Face to face Nevada;Arkansas;Devontetown;Oman;../fake-data/blob/hipster.png;image/png;61482;52068;6
7;Small Metal Salad;quantifying Awesome Frozen Mouse;Simeon;Huel;"]@A>BI*p.::!";true;1-713-010-5614;Indiana Shirt cyan;e-business interfaces Tools;Rodolfochester;El Salvador;../fake-data/blob/hipster.png;image/png;44274;35240;7
8;Stravenue;Product;Aimee;Shanahan;"?xxr7@.bHVcU.9E";true;1-425-485-2258;Handmade deposit reciprocal;deliverables Oregon;Murazikhaven;Angola;../fake-data/blob/hipster.png;image/png;99054;94528;8
9;Nebraska human-resource;SSL;Irving;Treutel;"R@PoJNf.FIP8c";true;1-758-964-1106 x98562;Borders haptic;EXE;O'Connerburgh;Cote d'Ivoire;../fake-data/blob/hipster.png;image/png;57203;71282;9
10;withdrawal;Rubber;Lulu;O'Reilly;"wuX;v@HR-,.MZ7o";false;(874) 997-2650 x6490;Tactics Gloves Plains;Incredible Designer neural;Prohaskafort;Turkmenistan;../fake-data/blob/hipster.png;image/png;94142;26443;10
