id;supplier_code;supplier_name;supplier_credit_limit;email;is_active;rating;phone;address_line_1;address_line_2;city;country;image;image_content_type;location_id
1;Gourde US Dollar Manors override;indexing Personal Loan Account;70975;"Z*F@dA.l.l$P";false;67211;1-606-171-6887;Avon Pula Isle;Virtual;Theresaside;Nauru;../fake-data/blob/hipster.png;image/png;1
2;navigate Bedfordshire technologies;ADP;87607;"m@wll9YO.M";false;30275;251-046-1020 x857;Chief Officer;Ball;Port Chandlerstad;Cook Islands;../fake-data/blob/hipster.png;image/png;2
3;Niue;synergies;28170;"C@ms.EoIr";true;73229;885.288.9750 x313;magenta Focused Yemeni Rial;eco-centric;South Lylaland;Belarus;../fake-data/blob/hipster.png;image/png;3
4;Tools uniform Savings Account;intranet Convertible Marks Industrial;12603;"wh@I%Ym.ot";true;15310;040-693-5407 x20268;Electronics Clothing;Music;West Brycenhaven;Hong Kong;../fake-data/blob/hipster.png;image/png;4
5;Tasty Wooden Car Malaysia Practical Fresh Fish;Moldovan Leu RAM;49546;"5_#@Qu_.5pn";true;58768;238.633.5994 x3760;Saint Helena Pound;Chicken navigate Fantastic Metal Shirt;Dibbertville;Albania;../fake-data/blob/hipster.png;image/png;5
6;Keyboard;models Bridge Shoes;47523;"N@Z,UH.{c+b";true;2349;1-852-382-2242 x00677;Plastic payment Chief;Roads;Jeanview;Afghanistan;../fake-data/blob/hipster.png;image/png;6
7;Money Market Account;Luxembourg Liaison Facilitator;24788;"2{\?\a@CXM.g~ZiSj";false;16238;682-394-7177;cultivate violet;Cape Steel;East Tressa;Democratic People's Republic of Korea;../fake-data/blob/hipster.png;image/png;7
8;black Ferry Function-based;Books Som;16983;"(@;jLM.YV:E\0";false;35508;474-450-7580 x9757;District invoice;Generic Investor bus;Zakarybury;Venezuela;../fake-data/blob/hipster.png;image/png;8
9;Toys Graphical User Interface;Israel Shirt firewall;8680;"8@{VD.)/';";false;43141;003-314-4001 x9926;Fantastic Plastic Tuna;open-source panel;Breitenbergton;Svalbard & Jan Mayen Islands;../fake-data/blob/hipster.png;image/png;9
10;Strategist;Investor Plains card;32269;"<m`J@<^;.?xs`Uh";true;33297;475.346.7161 x5411;navigate;Integrated Assurance Utah;Lake Ardenton;Philippines;../fake-data/blob/hipster.png;image/png;10
